 <Module>
     <Name value="UIExtenderLibModule"/>
     <Id value="UIExtenderLibModule"/>
     <Version value="v1.0.4"/>
     <SingleplayerModule value="true"/>
     <MultiplayerModule value="false"/>
     <DependedModules>
      <DependedModule Id="Native"/>
      <DependedModule Id="SandBoxCore"/>
      <DependedModule Id="Sandbox"/>
      <DependedModule Id="CustomBattle"/>
      <DependedModule Id="StoryMode" />
     </DependedModules>
     <SubModules>
         <SubModule>
             <Name value="UIExtenderLibModule"/>
             <DLLName value="UIExtenderLibModule.dll"/>
             <SubModuleClassType value="UIExtenderLibModule.UIExtenderLibModule"/>
             <Tags>
                 <Tag key="DedicatedServerType" value="none" />
                 <Tag key="IsNoRenderModeElement" value="false" />
             </Tags>
         </SubModule>
     </SubModules>
     <Xmls/>
 </Module>
